hexmake,hexmake,0a1ee04a90bdf31adb2e8bbf1cf86c45309a41c1812d28392d3da42959346bcd,79.73,168.6MiB,12.69GiB,1.3,19.6kB,703kB,0B,0B,4,2020-04-13 22:44:46,Connection - 1
hexmake,hexmake,0a1ee04a90bdf31adb2e8bbf1cf86c45309a41c1812d28392d3da42959346bcd,90.81,173.4MiB,12.69GiB,1.33,38.3kB,1.41MB,0B,0B,4,2020-04-13 22:44:51,Connection - 2
hexmake,hexmake,0a1ee04a90bdf31adb2e8bbf1cf86c45309a41c1812d28392d3da42959346bcd,52.74,173.8MiB,12.69GiB,1.34,56.9kB,2.11MB,0B,0B,4,2020-04-13 22:44:55,Connection - 3
hexmake,hexmake,0a1ee04a90bdf31adb2e8bbf1cf86c45309a41c1812d28392d3da42959346bcd,57.77,174.1MiB,12.69GiB,1.34,75.9kB,2.81MB,0B,0B,4,2020-04-13 22:44:59,Connection - 4
hexmake,hexmake,0a1ee04a90bdf31adb2e8bbf1cf86c45309a41c1812d28392d3da42959346bcd,0.19,174.1MiB,12.69GiB,1.34,75.9kB,2.81MB,0B,0B,4,2020-04-13 22:45:02,Clicking on Name - 1
hexmake,hexmake,0a1ee04a90bdf31adb2e8bbf1cf86c45309a41c1812d28392d3da42959346bcd,0.23,174.1MiB,12.69GiB,1.34,76kB,2.81MB,0B,0B,4,2020-04-13 22:45:05,Clicking on Name - 2
hexmake,hexmake,0a1ee04a90bdf31adb2e8bbf1cf86c45309a41c1812d28392d3da42959346bcd,0.11,174.1MiB,12.69GiB,1.34,76kB,2.81MB,0B,0B,4,2020-04-13 22:45:08,Clicking on Name - 3
hexmake,hexmake,0a1ee04a90bdf31adb2e8bbf1cf86c45309a41c1812d28392d3da42959346bcd,0.27,174.1MiB,12.69GiB,1.34,76kB,2.81MB,0B,0B,4,2020-04-13 22:45:11,Clicking on Name - 4
hexmake,hexmake,0a1ee04a90bdf31adb2e8bbf1cf86c45309a41c1812d28392d3da42959346bcd,0.16,174.3MiB,12.69GiB,1.34,77.3kB,2.92MB,0B,0B,4,2020-04-13 22:45:14,Changin pkg name - 1
hexmake,hexmake,0a1ee04a90bdf31adb2e8bbf1cf86c45309a41c1812d28392d3da42959346bcd,0.13,179.1MiB,12.69GiB,1.38,78.6kB,3.04MB,0B,0B,4,2020-04-13 22:45:18,Changin pkg name - 2
hexmake,hexmake,0a1ee04a90bdf31adb2e8bbf1cf86c45309a41c1812d28392d3da42959346bcd,0.08,179.1MiB,12.69GiB,1.38,79.7kB,3.15MB,0B,0B,4,2020-04-13 22:45:23,Changin pkg name - 3
hexmake,hexmake,0a1ee04a90bdf31adb2e8bbf1cf86c45309a41c1812d28392d3da42959346bcd,0.15,179.1MiB,12.69GiB,1.38,80.8kB,3.26MB,0B,0B,4,2020-04-13 22:45:27,Changin pkg name - 4
hexmake,hexmake,0a1ee04a90bdf31adb2e8bbf1cf86c45309a41c1812d28392d3da42959346bcd,0.09,179.1MiB,12.69GiB,1.38,80.9kB,3.26MB,0B,0B,4,2020-04-13 22:45:35,gremlins - 1
hexmake,hexmake,0a1ee04a90bdf31adb2e8bbf1cf86c45309a41c1812d28392d3da42959346bcd,0.07,179MiB,12.69GiB,1.38,80.9kB,3.26MB,0B,0B,4,2020-04-13 22:45:43,gremlins - 2
hexmake,hexmake,0a1ee04a90bdf31adb2e8bbf1cf86c45309a41c1812d28392d3da42959346bcd,0.08,179MiB,12.69GiB,1.38,80.9kB,3.26MB,0B,0B,4,2020-04-13 22:45:51,gremlins - 3
hexmake,hexmake,0a1ee04a90bdf31adb2e8bbf1cf86c45309a41c1812d28392d3da42959346bcd,0.09,179MiB,12.69GiB,1.38,80.9kB,3.26MB,0B,0B,4,2020-04-13 22:45:59,gremlins - 4
